{
    "earthquake": 157758.44319746288,
    "rockslide": 101265.89804957647,
    "thunderbolt": 66616.53404865977,
    "icebeam": 65745.42257202278,
    "explosion": 61754.9909100588,
    "hiddenpowergrass": 58245.130514657896,
    "protect": 57103.49191773903,
    "toxic": 53404.54495418698,
    "roar": 52916.767665661275,
    "meteormash": 45638.45983462654,
    "hiddenpowerbug": 45257.884762527974,
    "dragondance": 36195.553920711056,
    "spikes": 32673.48942199885,
    "focuspunch": 31630.541629799543,
    "calmmind": 30106.0250840183,
    "fireblast": 29066.459222283287,
    "hydropump": 28872.6399816923,
    "substitute": 27252.152228649546,
    "brickbreak": 26771.592948227462,
    "surf": 25291.063941739183,
    "psychic": 25166.2034065344,
    "thunderwave": 24196.12274559715,
    "batonpass": 23811.06295338014,
    "softboiled": 20025.076942346805,
    "hiddenpowerfire": 18521.99188707437,
    "rest": 17926.47351672183,
    "pursuit": 17286.52082090883,
    "crunch": 17095.024329849395,
    "hiddenpowerflying": 16336.415636504624,
    "icepunch": 16310.444974516062,
    "agility": 15534.05749605538,
    "rapidspin": 15425.613639499972,
    "drillpeck": 13582.711910043676,
    "shadowball": 13516.896502837628,
    "doubleedge": 12782.876640681163,
    "taunt": 12518.489127432586,
    "leechseed": 12299.277048836855,
    "recover": 11934.636826486996,
    "bodyslam": 11318.029648189116,
    "aerialace": 11177.661240064437,
    "willowisp": 10965.87388040245,
    "firepunch": 10848.994903442355,
    "seismictoss": 10393.89859634262,
    "gigadrain": 10328.288549146793,
    "selfdestruct": 9304.016654266528,
    "curse": 9123.058743561358,
    "wish": 8840.104596952395,
    "hiddenpowerice": 8597.923927738826,
    "dragonclaw": 8474.284672571797,
    "refresh": 6908.50768169436,
    "flamethrower": 6843.178957139141,
    "sleeptalk": 5483.129803641934,
    "beatup": 4116.529000158492,
    "swordsdance": 3897.1311196244906,
    "raindance": 3810.7280691464757,
    "counter": 3540.948403983825,
    "whirlwind": 3408.277627191652,
    "return": 2943.934943475784,
    "endeavor": 2915.2946842921488,
    "megahorn": 2874.259387619101,
    "aromatherapy": 2630.4091605694457,
    "endure": 2535.1888569277035,
    "hiddenpowerfighting": 2293.3335305632204,
    "ancientpower": 2139.130087458031,
    "thunder": 2077.600495215222,
    "healbell": 1987.606595293714,
    "hiddenpowerghost": 1581.5644582498048,
    "hiddenpowerground": 1562.9389968901112,
    "hypnosis": 1461.4477221144066,
    "sunnyday": 1416.0302625999439,
    "destinybond": 1364.301307569929,
    "hiddenpowerrock": 1319.5908854745837,
    "spore": 1228.1554418013134,
    "thunderpunch": 1045.8450938748215,
    "perishsong": 1040.1492030992952,
    "lightscreen": 771.4952866709816,
    "thief": 679.2344636735486,
    "reflect": 673.3840923432884,
    "hiddenpowerelectric": 615.3401074246872,
    "sludgebomb": 551.3408884949549,
    "meanlook": 533.4233941139657,
    "machpunch": 518.4632885988508,
    "skyuppercut": 512.3103508433887,
    "screech": 505.64082412992514,
    "haze": 499.4227668335904,
    "knockoff": 486.57254511614815,
    "overheat": 416.6149822380935,
    "reversal": 368.6738518091174,
    "dynamicpunch": 366.35095456698315,
    "bellydrum": 360.6315342212421,
    "lovelykiss": 360.09580024981653,
    "sing": 345.9151720139488,
    "metalsound": 334.5821725731782,
    "zapcannon": 263.68712392378393,
    "facade": 255.34760610246985,
    "sandattack": 255.25519877444185,
    "torment": 243.6876509875685,
    "crosschop": 221.5698284370906,
    "mirrorcoat": 211.57962815425478,
    "hiddenpowersteel": 192.03488132951242,
    "hyperbeam": 175.36278628395783,
    "doomdesire": 175.11347421245196,
    "steelwing": 166.40219183247478,
    "waterpulse": 139.80813768518257,
    "frustration": 139.6274945091727,
    "bulkup": 130.0534210323329,
    "dragonbreath": 120.77747993588504,
    "hiddenpowerwater": 103.40692352269829,
    "stunspore": 101.36062064560745,
    "psychup": 98.21420819511796,
    "yawn": 91.20529437117412,
    "fakeout": 90.03801797809753,
    "silverwind": 88.68547673429575,
    "gust": 87.83649481574983,
    "nightshade": 87.58496244880475,
    "blizzard": 69.2517710692942,
    "encore": 65.85965710345565,
    "confuseray": 61.69350582502027,
    "mudslap": 60.73397443843026,
    "extrasensory": 59.311173625912886,
    "mimic": 55.86122027280117,
    "sleeppowder": 55.17019306744868,
    "quickattack": 54.46499780382801,
    "painsplit": 52.87205624961898,
    "muddywater": 52.441235096911,
    "bonemerang": 46.49513482113954,
    "snatch": 38.405331999861225,
    "solarbeam": 38.17938133806769,
    "superpower": 37.14702899422492,
    "blastburn": 33.3858925881296,
    "icywind": 32.68693063269732,
    "transform": 32.430307540154395,
    "rocktomb": 31.127672672856168,
    "irondefense": 27.967014844498262,
    "hiddenpowerdark": 27.955769393524772,
    "leafblade": 27.51833998993673,
    "amnesia": 27.441444000474554,
    "fly": 27.070973043626612,
    "morningsun": 23.93834342850591,
    "charm": 23.425809339621782,
    "block": 22.887253633451373,
    "flash": 21.335790759281878,
    "triattack": 20.89820342988714,
    "tailglow": 20.473666982133505,
    "skillswap": 20.10373593940855,
    "lowkick": 19.680406541993563,
    "extremespeed": 18.139484279325657,
    "bite": 17.69931606122078,
    "imprison": 16.77127893632095,
    "covet": 16.714017386604624,
    "cosmicpower": 16.23557455491057,
    "supersonic": 16.060916625957095,
    "waterfall": 15.244869263592822,
    "irontail": 15.204743818304856,
    "charge": 13.854366739544272,
    "heatwave": 13.326744999282782,
    "milkdrink": 13.176454134885057,
    "trick": 12.415916854136281,
    "wingattack": 11.247646095865877,
    "hiddenpowerdragon": 10.305695497638204,
    "memento": 9.940748634621793,
    "skyattack": 9.142810368237374,
    "metronome": 8.497474720336294,
    "futuresight": 7.74187243993749,
    "razorleaf": 7.3744819133244155,
    "highjumpkick": 7.000450046434108,
    "rockblast": 6.509920200869358,
    "attract": 6.46831978505899,
    "waterspout": 6.2191441338314135,
    "shockwave": 6.078914834011087,
    "safeguard": 5.914821564415342,
    "iceball": 5.580755665335156,
    "defensecurl": 5.553960042755852,
    "firespin": 5.388238395071233,
    "tailwhip": 4.952589828231657,
    "dreameater": 4.91681118112435,
    "snore": 4.871351835835789,
    "dig": 4.4774603411213985,
    "hiddenpowerpoison": 4.344912383156464,
    "revenge": 4.069633546738115,
    "detect": 3.7851789756647864,
    "faketears": 3.726722248092118,
    "secretpower": 3.606058144183948,
    "mudshot": 3.519856726044737,
    "focusenergy": 3.3138970291736243,
    "dive": 3.145593790124442,
    "nightmare": 3.107886615368975,
    "moonlight": 3.0959269349061174,
    "sharpen": 2.813267292566023,
    "sandstorm": 2.7775108135156588,
    "peck": 2.750846777770178,
    "synthesis": 2.721459692337249,
    "rocksmash": 2.7161623144060147,
    "recycle": 2.693938104808854,
    "outrage": 2.682558391231841,
    "flail": 2.594152006991905,
    "psybeam": 2.395932179950239,
    "tickle": 2.3575495673045817,
    "rollout": 2.3183002341823835,
    "whirlpool": 2.3177708513985955,
    "acidarmor": 2.2544987254672004,
    "octazooka": 2.1589755479510835,
    "thundershock": 1.9421844118150529,
    "grudge": 1.9198306806019496,
    "confusion": 1.8929406089084801,
    "conversion2": 1.8633775237847252,
    "blazekick": 1.8577287831730631,
    "hiddenpowerpsychic": 1.8121123749714994,
    "megakick": 1.8052394824393578,
    "sandtomb": 1.7563290264308509,
    "aircutter": 1.6431395326878535,
    "hail": 1.6049099502788087,
    "megapunch": 1.6018596845532607,
    "metalclaw": 1.492563960078286,
    "spark": 1.3869911290025574,
    "furyswipes": 1.2794217320377537,
    "strength": 1.228583254902474,
    "glare": 1.2092326238762934,
    "headbutt": 1.1754118754932525,
    "scratch": 1.1124375547524465,